condition,snr_db,model,accuracy,macro_f1,total_beats,N_f1,N_recall,S_f1,S_recall,V_f1,V_recall,F_f1,F_recall,Q_f1,Q_recall
clean,clean,raw_only,0.9400418780703874,0.522382646058895,49668,0.9671384079875424,0.9551087792301778,0.7223650385604113,0.7652505446623094,0.9210566037735848,0.9478098788443616,0.0013531799729364006,0.002577319587628866,0.0,0.0
clean,clean,fusion,0.948357091084803,0.5152638511897338,49668,0.9720479568251944,0.9653760911845854,0.6861843697072345,0.7723311546840959,0.9104727162182703,0.9304131717924822,0.0076142131979695426,0.007731958762886598,0.0,0.0
clean,clean,ph_only,0.8929693162599662,0.30525697484797665,49668,0.942517454440008,0.9555836989461305,0.0021019442984760908,0.0010893246187363835,0.5728354534263439,0.6505125815470643,0.008830022075055188,0.005154639175257732,0.0,0.0
bw,24.0,raw_only,0.9399814770073287,0.5217653227625798,49668,0.9671509863863795,0.9551540096793161,0.7212946313896736,0.7647058823529411,0.919016739556628,0.9465672569120845,0.001364256480218281,0.002577319587628866,0.0,0.0
bw,24.0,fusion,0.9486590964000966,0.5161087805117062,49668,0.9722007194572196,0.965692704328554,0.686531007751938,0.7717864923747276,0.91160809371672,0.9307238272755514,0.01020408163265306,0.010309278350515464,0.0,0.0
bw,24.0,ph_only,0.8942377385841991,0.30638527895738465,49668,0.9432605161778786,0.9579582975258945,0.0051813471502590676,0.0027233115468409588,0.5746739587715608,0.6365330848089469,0.008810572687224669,0.005154639175257732,0.0,0.0
bw,18.0,raw_only,0.9403640170733671,0.5224167563468164,49668,0.9673106858346304,0.9556289293952689,0.7192396609298742,0.7625272331154684,0.9227974568574023,0.9468779123951537,0.0027359781121751026,0.005154639175257732,0.0,0.0
bw,18.0,fusion,0.9484174921478618,0.5146801115701265,49668,0.972129599071366,0.9659188565742458,0.685025817555938,0.7587145969498911,0.9086502045144675,0.9316557937247593,0.007594936708860759,0.007731958762886598,0.0,0.0
bw,18.0,ph_only,0.8974993959893695,0.307456821418914,49668,0.9451401775693665,0.9617802704780859,0.004162330905306972,0.002178649237472767,0.5879815986198965,0.6352904628766698,0.0,0.0,0.0,0.0
bw,12.0,raw_only,0.9422565837158734,0.5231436929819706,49668,0.9684773784886979,0.9577999909539102,0.7220496894409938,0.7598039215686274,0.9223095525997581,0.9478098788443616,0.002881844380403458,0.005154639175257732,0.0,0.0
bw,12.0,fusion,0.9473101393251188,0.5153808635361266,49668,0.9713739589496199,0.9653987064091546,0.6917255297679112,0.7467320261437909,0.9069943862843272,0.9285492388940665,0.00681044267877412,0.007731958762886598,0.0,0.0
bw,12.0,ph_only,0.8986067488121124,0.30573205766663275,49668,0.9459528319652608,0.9656022434302772,0.003136434918975431,0.0016339869281045752,0.5795710214489275,0.6001863932898416,0.0,0.0,0.0,0.0
bw,6.0,raw_only,0.9431625996617541,0.5235956707001439,49668,0.9690740486958112,0.9595187480211679,0.7280356674534486,0.7559912854030502,0.9164142943670502,0.9400434917676297,0.004454342984409799,0.007731958762886598,0.0,0.0
bw,6.0,fusion,0.9455987758717886,0.5129069001521473,49668,0.970444580749222,0.96607716314623,0.6926544683107928,0.7113289760348583,0.897298947047154,0.9133271202236719,0.004136504653567736,0.005154639175257732,0.0,0.0
bw,6.0,ph_only,0.892868647821535,0.29324094113935906,49668,0.9425114800423878,0.9654891673074314,0.004184100418410042,0.002178649237472767,0.5195091252359975,0.512892202547375,0.0,0.0,0.0,0.0
bw,0.0,raw_only,0.9366594185390996,0.5094738337480679,49668,0.9658692549243506,0.9564656927043286,0.7166804067051389,0.710239651416122,0.8555099648300118,0.9068033550792172,0.009309542280837857,0.015463917525773196,0.0,0.0
bw,0.0,fusion,0.9389345252476443,0.49264120957485397,49668,0.9669745723427589,0.9670948482518431,0.6470940683043739,0.5882352941176471,0.8470409711684371,0.8670394532463498,0.0020964360587002098,0.002577319587628866,0.0,0.0
bw,0.0,ph_only,0.8831239429813965,0.2677630371190979,49668,0.9373654378487631,0.9649237866932019,0.0021186440677966106,0.0010893246187363835,0.39933110367892977,0.37092264678471576,0.0,0.0,0.0,0.0
bw,-6.0,raw_only,0.917894821615527,0.4578379018969132,49668,0.9576914732045997,0.9483242118594237,0.6144343302990897,0.5147058823529411,0.707250163291966,0.8409443926685306,0.009813542688910697,0.01288659793814433,0.0,0.0
bw,-6.0,fusion,0.9217202222759121,0.4338345555490948,49668,0.9581780631257577,0.9652856302863088,0.4948905109489051,0.369281045751634,0.7161042036708111,0.751475613544579,0.0,0.0,0.0,0.0
bw,-6.0,ph_only,0.8774059756785053,0.23937942239423987,49668,0.934851787271142,0.9699895969966982,0.0,0.0,0.26204532470005715,0.213730972351662,0.0,0.0,0.0,0.0
ma,24.0,raw_only,0.9409881613916405,0.522934542514274,49668,0.9676238416657132,0.956397847030621,0.7225373904074266,0.7630718954248366,0.9217259651778956,0.9456352904628766,0.002785515320334262,0.005154639175257732,0.0,0.0
ma,24.0,fusion,0.9502899251026818,0.5156938848731945,49668,0.9731677922550424,0.9678637658871952,0.6905170301396717,0.7674291938997821,0.9120560890108215,0.9294812053432743,0.002728512960436562,0.002577319587628866,0.0,0.0
ma,24.0,ph_only,0.9016066682773617,0.31018423141378165,49668,0.9476620616365568,0.9680220724591795,0.003131524008350731,0.0016339869281045752,0.5957125603864734,0.6129232680956819,0.004415011037527594,0.002577319587628866,0.0,0.0
ma,18.0,raw_only,0.9424579205927358,0.5235867827410601,49668,0.9685114939902199,0.958523678140124,0.7244871461957932,0.7598039215686274,0.919083042356156,0.940354147250699,0.005852231163130943,0.010309278350515464,0.0,0.0
ma,18.0,fusion,0.9515583474269147,0.5147842783008748,49668,0.9738917318144167,0.9705549776109277,0.6850137603202402,0.7456427015250545,0.9120441311676372,0.9245107176141659,0.0029717682020802376,0.002577319587628866,0.0,0.0
ma,18.0,ph_only,0.9069018281388419,0.3123063286602733,49668,0.9507385370038385,0.9774752363290967,0.004181913225300576,0.002178649237472767,0.6022538945972821,0.5644610127368748,0.004357298474945533,0.002577319587628866,0.0,0.0
ma,12.0,raw_only,0.9469678666344528,0.5252410396438509,49668,0.9709572834309768,0.9651273237143245,0.7371188222923238,0.7636165577342048,0.9164211505659793,0.9179869524697111,0.0017079419299743809,0.002577319587628866,0.0,0.0
ma,12.0,fusion,0.9539341225738907,0.5147089726347744,49668,0.9751453898707018,0.9764575512234837,0.692491377023083,0.7107843137254902,0.9059080962800876,0.9002795899347623,0.0,0.0,0.0,0.0
ma,12.0,ph_only,0.9072038334541355,0.3002888774522201,49668,0.9517880505887484,0.9871319372201366,0.001010611419909045,0.0005446623093681918,0.5442597603401624,0.43740292016154086,0.0043859649122807015,0.002577319587628866,0.0,0.0
ma,6.0,raw_only,0.9494644439075461,0.5167750353790732,49668,0.9726804298068574,0.9754850965670089,0.7319727891156461,0.7325708061002179,0.8768827766863129,0.8319353836595216,0.0023391812865497076,0.002577319587628866,0.0,0.0
ma,6.0,fusion,0.9500080534750744,0.49779737766233045,49668,0.9732505453935224,0.9836944230856213,0.6627218934911242,0.6100217864923747,0.8530144494270055,0.7977632805219013,0.0,0.0,0.0,0.0
ma,6.0,ph_only,0.9002174438270114,0.2660989091713203,49668,0.9477856132355642,0.9924012845447555,0.0010330578512396695,0.0005446623093681918,0.3816758747697975,0.25753339546442994,0.0,0.0,0.0,0.0
ma,0.0,raw_only,0.937203028106628,0.47179517645114366,49668,0.9669175603365971,0.9848704147632186,0.6782500775674837,0.5953159041394336,0.7107961961588664,0.5921093507300403,0.003012048192771084,0.002577319587628866,0.0,0.0
ma,0.0,fusion,0.9304381090440526,0.42613701926561076,49668,0.9628490454116044,0.9911348319688814,0.5054704595185995,0.37745098039215685,0.6623655913978495,0.5262503883193539,0.0,0.0,0.0,0.0
ma,0.0,ph_only,0.8945196102118064,0.23084292383834257,49668,0.9445302445302445,0.9958387986792708,0.00105318588730911,0.0005446623093681918,0.2086311887741594,0.12239826032929481,0.0,0.0,0.0,0.0
ma,-6.0,raw_only,0.9115527099943626,0.35910356262389714,49668,0.9539241718539155,0.991202677642589,0.42828445158698275,0.2903050108932462,0.41330918967858754,0.2836284560422491,0.0,0.0,0.0,0.0
ma,-6.0,fusion,0.9046468551179834,0.3021252845256308,49668,0.949549257759784,0.9945271156542584,0.20776789892372485,0.12091503267973856,0.353309265944645,0.2280211245728487,0.0,0.0,0.0,0.0
ma,-6.0,ph_only,0.8892043166626399,0.20394394928473583,49668,0.9414028673145387,0.9957031073318559,0.0010660980810234541,0.0005446623093681918,0.07725078102811701,0.04224914569742156,0.0,0.0,0.0,0.0
em,24.0,raw_only,0.9402432149472497,0.5226776472931056,49668,0.967244083670128,0.9552897010267312,0.7236774524910118,0.7674291938997821,0.9197344598672298,0.9468779123951537,0.00273224043715847,0.005154639175257732,0.0,0.0
em,24.0,fusion,0.9488000322139003,0.5159055252384948,49668,0.9723499157980974,0.9662807001673527,0.68996062992126,0.7636165577342048,0.9097264437689969,0.9297918608263436,0.007490636704119851,0.007731958762886598,0.0,0.0
em,24.0,ph_only,0.8987879520012886,0.30826626102802607,49668,0.9462126847030875,0.9637704102401737,0.0010438413361169103,0.0005446623093681918,0.5898819069835254,0.6284560422491458,0.0041928721174004195,0.002577319587628866,0.0,0.0
em,18.0,raw_only,0.941290166706934,0.5225896537992292,49668,0.9679323639442163,0.9566918449500204,0.7231726283048212,0.7598039215686274,0.9175939849624061,0.9478098788443616,0.00424929178470255,0.007731958762886598,0.0,0.0
em,18.0,fusion,0.9472296045743739,0.5123394940325816,49668,0.9714025708110567,0.9656248586548465,0.6861313868613138,0.7423747276688453,0.9041635124905375,0.9276172724448587,0.0,0.0,0.0,0.0
em,18.0,ph_only,0.9017274704034791,0.3097562254307382,49668,0.9478410900725535,0.9690623727893618,0.0010449320794148381,0.0005446623093681918,0.5959347089621189,0.6011183597390494,0.0039603960396039604,0.002577319587628866,0.0,0.0
em,12.0,raw_only,0.9406458887009744,0.5193628903347789,49668,0.9678061049502688,0.9572346103396807,0.711385248008224,0.7538126361655774,0.8991899189918993,0.9310344827586207,0.018433179723502304,0.030927835051546393,0.0,0.0
em,12.0,fusion,0.9456994443102199,0.509692292513999,49668,0.9704696919810625,0.9665520828621829,0.6791343841838098,0.6922657952069716,0.8943630043826507,0.9192295744019882,0.0044943820224719105,0.005154639175257732,0.0,0.0
em,12.0,ph_only,0.901042925022147,0.30797094281298115,49668,0.9475612851955276,0.9707585146320503,0.0010314595152140279,0.0005446623093681918,0.5838131797824696,0.566946256601429,0.007448789571694599,0.005154639175257732,0.0,0.0
em,6.0,raw_only,0.9363574132238061,0.5022306981301367,49668,0.9660289484498423,0.9569406124202813,0.6912165848336062,0.6900871459694989,0.8286161285734605,0.9049394221808015,0.025291828793774316,0.03350515463917526,0.0,0.0
em,6.0,fusion,0.9390150599983893,0.49213013771383085,49668,0.9670247569023874,0.9659640870233841,0.6419753086419753,0.5806100217864923,0.8473169285502521,0.8878533706119913,0.004333694474539545,0.005154639175257732,0.0,0.0
em,6.0,ph_only,0.8923451719416928,0.29929763848013247,49668,0.9426708012845271,0.9659188565742458,0.006018054162487462,0.0032679738562091504,0.5261943986820428,0.49611680646163403,0.021604938271604937,0.01804123711340206,0.0,0.0
em,0.0,raw_only,0.90792864621084,0.4368317211127085,49668,0.9527952016849046,0.9412456465692705,0.5592982456140351,0.4340958605664488,0.6427968655816757,0.8282075178626903,0.029268292682926828,0.030927835051546393,0.0,0.0
em,0.0,fusion,0.9175122815494886,0.4129508776556404,49668,0.9561876169245073,0.9651725541634628,0.4098883572567783,0.27995642701525053,0.6986784140969164,0.739049394221808,0.0,0.0,0.0,0.0
em,0.0,ph_only,0.8736007087058065,0.2605623996333384,49668,0.9331511618938484,0.9576416843819259,0.005547850208044383,0.0032679738562091504,0.35298126064735946,0.3218390804597701,0.011131725417439705,0.007731958762886598,0.0,0.0
em,-6.0,raw_only,0.8588628493194813,0.3093336504797796,49668,0.9288967290420025,0.9110090913202769,0.17988394584139264,0.10130718954248366,0.4378875775155031,0.6800248524386455,0.0,0.0,0.0,0.0
em,-6.0,fusion,0.8890633808488363,0.2901451158133445,49668,0.9436101003418237,0.9676602288660726,0.08993357179356158,0.04793028322440087,0.41718190693133744,0.39826032929481203,0.0,0.0,0.0,0.0
em,-6.0,ph_only,0.8667149875171136,0.21620595802515483,49668,0.9291024873455613,0.9651273237143245,0.003838771593090211,0.002178649237472767,0.14808853118712273,0.11432121776949364,0.0,0.0,0.0,0.0
mix,24.0,raw_only,0.9403036160103084,0.5218468697797689,49668,0.96730560164788,0.9558098511918224,0.718266253869969,0.7581699346405228,0.9209133524875246,0.9459459459459459,0.00274914089347079,0.005154639175257732,0.0,0.0
mix,24.0,fusion,0.9482161552709995,0.5150471497281103,49668,0.9719866592298324,0.9655570129811389,0.6845703125000001,0.7636165577342048,0.9085393599271955,0.9304131717924822,0.010139416983523447,0.010309278350515464,0.0,0.0
mix,24.0,ph_only,0.8992107594426996,0.30962156922928213,49668,0.946492191922219,0.9642905604052648,0.002084418968212611,0.0010893246187363835,0.5912152269399706,0.6272134203168686,0.008316008316008316,0.005154639175257732,0.0,0.0
mix,18.0,raw_only,0.9397801401304663,0.5224788844064212,49668,0.9670666910956395,0.9549504726581935,0.7238095238095239,0.7657952069716776,0.916101822563639,0.9447033240136689,0.005416384563303994,0.010309278350515464,0.0,0.0
mix,18.0,fusion,0.9487396311508416,0.5163321041717838,49668,0.9722083238571753,0.9667556198833055,0.6916729182295573,0.7532679738562091,0.9079027355623099,0.9279279279279279,0.009876543209876545,0.010309278350515464,0.0,0.0
mix,18.0,ph_only,0.9045864540549247,0.31288892297894755,49668,0.9495514208688735,0.9717988149622325,0.0020887728459530026,0.0010893246187363835,0.6086550435865504,0.6073314694004349,0.004149377593360996,0.002577319587628866,0.0,0.0
mix,12.0,raw_only,0.9420149794636385,0.5208318361693659,49668,0.968509063495871,0.9587950608349541,0.7216870606612861,0.7549019607843137,0.9031772323445264,0.9316557937247593,0.01078582434514638,0.01804123711340206,0.0,0.0
mix,12.0,fusion,0.9471289361359426,0.5128042778694362,49668,0.9713591626840427,0.9675697679677959,0.6844750066120073,0.7047930283224401,0.8990129081245253,0.9195402298850575,0.009174311926605505,0.010309278350515464,0.0,0.0
mix,12.0,ph_only,0.9051904646855118,0.3114715166221958,49668,0.9495309424043463,0.9762766294269302,0.004149377593360997,0.002178649237472767,0.5953612547972634,0.5542093817955887,0.008316008316008316,0.005154639175257732,0.0,0.0
mix,6.0,raw_only,0.93992107594427,0.5091185078292133,49668,0.96762954444533,0.9609661223935954,0.7056253413435281,0.7037037037037037,0.8444769568397952,0.896551724137931,0.027860696517412933,0.03608247422680412,0.0,0.0
mix,6.0,fusion,0.9414915035837964,0.4930975645165289,49668,0.9681729944472033,0.9700122122212673,0.6406484539177424,0.5811546840958606,0.8542682926829269,0.8704566635601119,0.002398081534772182,0.002577319587628866,0.0,0.0
mix,6.0,ph_only,0.8986268824997987,0.298328322841194,49668,0.9461108063631377,0.9751458681984713,0.0030816640986132513,0.0016339869281045752,0.5357713474170069,0.46877912395153776,0.00667779632721202,0.005154639175257732,0.0,0.0
mix,0.0,raw_only,0.9178746879278409,0.44990993906598264,49668,0.9577570433339774,0.9529377176715365,0.5928163813360188,0.4809368191721133,0.6720945502298096,0.7949673811742777,0.026881720430107527,0.02577319587628866,0.0,0.0
mix,0.0,fusion,0.9248409438672788,0.430618358729275,49668,0.960141085600116,0.9726808087204306,0.4610117915557247,0.3300653594771242,0.7201742106081815,0.7191674433053743,0.011764705882352941,0.010309278350515464,0.0,0.0
mix,0.0,ph_only,0.8852178465007651,0.2574952600589733,49668,0.9394078044316622,0.9750780225247637,0.0009881422924901185,0.0005446623093681918,0.3392678535707141,0.2634358496427462,0.0078125,0.005154639175257732,0.0,0.0
mix,-6.0,raw_only,0.8793790770717564,0.32983100157373235,49668,0.9402539208364451,0.9395947351757203,0.2432432432432432,0.14215686274509803,0.45059193041797535,0.5793724759242,0.015065913370998116,0.010309278350515464,0.0,0.0
mix,-6.0,fusion,0.8968148506080373,0.3009106951788287,49668,0.9469099186849508,0.9783572300872948,0.13240418118466898,0.0724400871459695,0.42120711796000737,0.356632494563529,0.004032258064516129,0.002577319587628866,0.0,0.0
mix,-6.0,ph_only,0.87968108238705,0.21381699366423215,49668,0.9362404166531879,0.9817947442218101,0.0020607934054611026,0.0010893246187363835,0.1307837582625118,0.0860515688101895,0.0,0.0,0.0,0.0
